{
	"TAG" : 0,
	"LOCATION": "customerservice",
	"NAME": "player",
	"TILEX" : 0,
	"TILEY" : 0,
	"TILESX" : 1,
	"TILESY" : 1,
	"IMAGEWIDTH" : 32,
	"IMAGEHEIGHT" : 32,
	"RADIUS" : 16.0f,
	"RENDER" : true,
	"ANIMATIONS" : 
	[
		{ 
			"NAME" : "player_up"
			"FRAMES" : [ 0, 1, 2, 3, 4, 5 ] 
		},
		{ 
			"NAME" : "player_down"
			"FRAMES" : [ 0, 1, 2, 3, 4, 5 ] 
		},
		{ 
			"NAME" : "player_left"
			"FRAMES" : [ 0, 1, 2, 3, 4, 5 ] 
		},
		{ 
			"NAME" : "player_right
			"FRAMES" : [ 0, 1, 2, 3, 4, 5 ] 
		}
	],
	"COMPONENTS" : 
	[
		{ 
			"ID" : 0,
			"DATA" : ""
		}
	]
},
{
	"TAG" : 1,
	"LOCATION": "customerservice",
	"NAME": "marker",
	"TILEX" : 0,
	"TILEY" : 0,
	"TILESX" : 1,
	"TILESY" : 1,
	"IMAGEWIDTH" : 32,
	"IMAGEHEIGHT" : 32,
	"RADIUS" : 16.0f,
	"RENDER" : true,
	"ANIMATIONS" : 
	[
		{ 
			"NAME" : "marker_float"
			"FRAMES" : [ 0, 1, 2, 3, 4, 5 ] 
		}
	],
	"COMPONENTS" : 
	[
		{ 
			"ID" : 0,
			"DATA" : ""
		}
	]
},
{
	"TAG" : 1,
	"LOCATION": "customerservice",
	"NAME": "orders",
	"TILEX" : 0,
	"TILEY" : 0,
	"TILESX" : 1,
	"TILESY" : 1,
	"IMAGEWIDTH" : 32,
	"IMAGEHEIGHT" : 32,
	"RADIUS" : 16.0f,
	"RENDER" : true,
	"ANIMATIONS" : 
	[
		{ 
			"NAME" : "orders_float"
			"FRAMES" : [ 0, 1, 2, 3, 4, 5 ] 
		},
	],
	"COMPONENTS" : 
	[
		{ 
			"ID" : 0,
			"DATA" : ""
		}
	]
},
{
	"TAG" : 1,
	"LOCATION": "customerservice",
	"NAME": "poo",
	"TILEX" : 0,
	"TILEY" : 0,
	"TILESX" : 1,
	"TILESY" : 1,
	"IMAGEWIDTH" : 32,
	"IMAGEHEIGHT" : 32,
	"RADIUS" : 16.0f,
	"RENDER" : true,
	"ANIMATIONS" : 
	[
		{ 
			"NAME" : "poo_stink"
			"FRAMES" : [ 0, 1, 2 ] 
		},
	],
	"COMPONENTS" : 
	[
		{ 
			"ID" : 0,
			"DATA" : ""
		}
	]
},